,Business Name,URL
0,"SUMTER COATINGS, INC.",sumtercoatings.com
1,"PLEASANT PLACES, INC.",pleasantplaces.com
2,BOYER CHILDREN'S CLINIC,boyercc.org
3,KIRTLEY CONSTRUCTION INC,x
4,AERO BOX LLC,aeroboxllc.com
5,HUDSON EXTRUSIONS INC.,hudsonextrusions.com
6,FRUIT COVE BAPTIST CHURCH OF JACKSONVILLE FL INC,fruitcove.com
7,MIAMITOWN AUTO PARTS AND RECYCLING INC,miamitownautoparts.com
8,POPPYCOCKS INC,poppycockstc.com
9,CHURCH SQUARE PHARMACY INC,churchsquarepharmacy.com
10,"MILFAST INDUSTRIAL SUPPLY, INC",milfast.com
11,FERNANDINA BEACH HOTEL GROUP LLC,myfloridalicense.comLicenseDetail.asp%3FSID%3D%26id%3D690C0BCD3EE5A972F1CA3FD8EA976D32
12,OTTAWA PRODUCTS CO INC,ottawaproducts.com
13,"KAKIVIK ASSET MANAGEMENT, LLC",kakivik.com
14,"ARCTIC SLOPE NATIVE ASSOCIATION, LTD.",arcticslope.org
15,CORVUS AIRLINES INC,ravnalaska.com
16,HOPE COMMUNITY RESOURCES INC.,hopealaska.org
17,SOUTH PENINSULA HOSPITAL INC,sphosp.org
18,"TYONEK GLOBAL SERVICES, LLC",tyonek.com
19,"TYONEK WORLDWIDE SERVICES, INC.",tyonek.com
20,"COPPER RIVER SEAFOODS, INC.",copperriverseafoods.com
21,MATANUSKA TELEPHONE ASSOCIATION,mtasolutions.com
22,"I. C. E. SERVICES, INC",iceservices.net
23,"TATITLEK TECHNOLOGIES, INC.",tatitlek.com
24,"NORTHERN ENERGY SERVICES, LLC",nes-ak.com
25,KATMAI HEALTH SERVICES LLC,katmaicorp.comour-serviceshealthcare-services
26,CRUZ CONSTRUCTION INC,cruzconstruct.com
27,"YULISTA TACTICAL, LLC",yulista.comsubsidiariesyulista-tactical-services-llc
28,AHTNA SUPPORT AND TRAINING SERVICES LLC,ahtna.comdoing-business-with-ahtnasecurity-services
29,HOMER ELECTRIC ASSOCIATION INC,homerelectric.com
30,TIKIGAQ CORPORATION,tikigaq.com
31,TEYA SERVICES LLC,teyaservices.com
32,TATONDUK OUTFITTERS LTD,x
33,DENA' NENA' HENASH,tananachiefs.orgabout
34,"TYONEK MANUFACTURING GROUP, INC.",tyonek.com
35,"RESOURCE DATA, INC",resourcedata.com
36,"COLVILLE, INC.",colvilleinc.com
37,"MRD, INC.",x
38,ENGINEERED SOLUTIONS GROUP,esgrp.net
39,"ALLEN MARINE TOURS, INC.",allenmarinetours.comsitka
40,"TUNISTA SERVICES, LLC",calistacorp.comsubsidiarytunista-services-llc
41,"GEONORTH, LLC.",tatitlek.comour-servicesgeonorth-llc
42,"FULLFORD ELECTRIC, INC.",fullfordelectric.com
43,"PRUHS CONSTRUCTION CO., L.L.C.",x
44,ALYESKA RESORT OPERATIONS LIMITED PARTNERSHIP,x
45,"ALASKA HEART INSTITUTE, LLC",alaskaheart.com
46,"ORTHOALASKA, LLC",orthoak.net
47,AHTNA ENVIRONMENTAL INC,ahtna.comdoing-business-with-ahtnaenvironmental
48,ALCAN ELEC. & ENGINEERING INC.,yelp.combizalcan-electric-corp-new-york
49,"KAWERAK, INC.",kawerak.org
50,TRAILBOSS TX LLC,trailbossinc.com
51,"GREAT NORTHWEST, INC.",grtnw.com
52,"NEESER CONSTRUCTION, INC.",neeserinc.com
53,"BEACON OCCUPATIONAL HEALTH AND SAFETY SERVICES, INC.",beaconohss.com
54,"CENTRAL ENVIRONMENTAL, INC.",beringstraits.comcei
55,CENTRAL COUNCIL TLINGIT & HAIDA INDIAN TRIBES OF ALASKA,ccthita.org
56,"AHTNA CONSTRUCTION &AMP; PRIMARY PRODUCTS COMPANY, LLC",ahtnaconstruction.com
57,LIFEMED ALASKA LLC,lifemedalaska.com
58,"BERING AIR, INC.",beringair.com
59,PND ENGINEERS INC,pndengineers.com
60,"GRANT AVIATION, INC.",flygrant.com
61,DAVIS CONSTRUCTORS & ENGINEERS,davisconstructors.com
62,"JL PROPERTIES, INC",jlproperties.com
63,ANCHORAGE NEIGHBORHOOD HEALTH CENTER INC,anhc.org
64,"ANCHORAGE COMMUNITY MENTAL HEALTH SERVICES, INC.",alaskabehavioralhealth.orgaboutabout-us-2
65,"DENALI FOODS, INC.",business.alaskachamber.comlistmemberdenali-foods-inc-bda-taco-bell-2915
66,"ADVANCED SUPPLY CHAIN INTERNATIONAL, LLC",ascillc.com
67,ALASKA VILLAGE ELECTRIC,avec.org
68,"FAMILY CENTERED SERVICES OF ALASKA, INC.",familycenteredservices.com
69,"FAIRWEATHER, LLC",fairweather.com
70,AHTNA PROFESSIONAL SERVICES INC,ahtna.comdoing-business-with-ahtnasecurity-services
71,KETCHIKAN INDIAN COMMUNITY,bia.govbiaoistribal-leaders-directorytribesketchikan
72,"ALASKA CENTRAL EXPRESS, INC.",aceaircargo.com
73,"KATMAI SUPPORT SERVICES, LLC",katmaicorp.com
74,"SAMSON TUG AND BARGE COMPANY, INC.",samsontug.com
75,"PDC, INC",pdceng.com
76,PREMIER ALASKA TOURS INC,premieralaskatours.com
77,ANCHORAGE FRACTURE & ORTHOPEDIC CLINIC,afoc.com
78,"SOURDOUGH EXPRESS, INC",sourdoughexpress.com
79,NEW HORIZONS TELECOM INC.,nhtiusa.com
80,FOUNTAINHEAD DEVELOPMENT INC,w.fdifairbanks.com
81,NORTHERN ENERGY SERVICES LLC,nes-ak.com
82,WHITTIER SEAFOOD LLC,whittierseafood.com
83,ALCAN ELECTRICAL AND ENGINEERING INC,x
84,FAMILY CENTERED SERVICES OF ALASKA INC,familycenteredservices.com
85,COLVILLE INC.,colvilleinc.com
86,ALLEN MARINE TOURS INC.,allenmarinetours.comsitka
87,FRESH ALE PUBS LIMITED LIABILITY COMPANY,x
88,FILM-ON PRODUCTIONS LIMITED LIABILITY,x
89,MIDNIGHT MOON COMPANY INC.,x
90,NANA WORLEY LLC,nanaworley.com
91,"ALASKA TRAVEL ADVENTURES, INC.",alaskatraveladventures.com
92,NORTHERN HOSPITALITY GROUP INC,northernhospitalitygroup.com
93,AHTNA' T'AENE NENE',crnative.org
94,COPPER RIVER SEAFOODS INC.,copperriverseafoods.com
95,FAIRWEATHER LLC,fairweather.com
96,THE ARC OF ANCHORAGE,thearcofanchorage.org
97,THE ARC OF ANCHORAGE,thearcofanchorage.org
98,SAMSON ELECTRIC INC.,sei-ak.com
99,"SAMSON ELECTRIC, INC",sei-ak.com
100,"ALASKA INDUSTRIAL HARDWARE, INC.",aih.com
101,ILISAGVIK COLLEGE,ilisagvik.edu
102,ALASKAN BREWING COMPANY LLC,alaskanbeer.com
103,THE BREWS BROTHERS LLC,x
104,THE SUPERIOR GROUP INC,superiorpnh.com
105,PREMIER ALASKA TOURS INC,premieralaskatours.com
106,KENDALL ALASKA LLC,kendallautoalaska.com
107,"GUARDIAN SECURITY SYSTEMS, INC.",guardiansecuritysys.com
108,HICKEL INVESTMENT COMPANY,hickelinvestment.comteam
109,"ARCTIC SLOPE TELEPHONE ASSOCIATION COOPERATIVE, INC.",astac.net
110,NORTHERN HOSPITALITY GROUP,northernhospitalitygroup.com
111,MCKENNA BROTHERS PAVING INC,mckennabrotherspaving.com
112,MCKENNA BROTHERS PAVING INC.,mckennabrotherspaving.com
113,REACH INC,reachak.org
114,SOURDOUGH EXPRESS INC.,sourdoughexpress.com
115,"WATERFALL GROUP, LTD.",x
116,"ALASKA SALES AND SERVICE, INC.",cars.comdealers26892alaska-sales-service
117,"ALASKA RUBBER GROUP, INC",alaskarubbergroup.comanchorage
118,"NANA WORLEY, LLC",nanaworley.com
119,ARCTIC INFORMATION TECHNOLOGY INC,arcticit.com
120,THE KUSKOKWIM CORPORATION,kuskokwim.com
121,THE WATERFALL GROUP. LTD.,x
122,"RYAN AIR SERVICE, INC.",ryanalaska.com
123,WORLD WIDE MOVERS INC,world-widemovers.com
124,AIRPORT EQUIPMENT RENTALS INC,airportequipmentrentals.com
125,PETERSBURG MEDICAL CENTER,pmcak.org
126,WORLD WIDE MOVERS INC.,world-widemovers.com
127,ASSETS INC,assetsinc.org
128,"STG, INC.",stgincorporated.com
129,CENTRAL ENVIRONMENTAL INC.,beringstraits.comcei
130,"CONSTRUCTION MACHINERY INDUSTRIAL, LLC",cmiak.com
131,KODIAK AREA NATIVE ASSOCIATION,kodiakhealthcare.org
132,SLAYDEN PLUMBING & HEATING INC..,slaydenplumbing.net
133,FURNITURE ENTERPRISES,furnitureenterprisesak.com
134,FOUNTAINHEAD DEVELOPMENT INC,w.fdifairbanks.com
135,FURNITURE ENTERPRISES OF ALASKA INC.,furnitureenterprisesak.com
136,"TUNISTA CONSTRUCTION, LLC",tunistaconstruction.com
137,"TYLER RENTAL, INC.",tylerrental.netketchikan-ak
138,ALASKA PACIFIC UNIVERSITY,alaskapacific.edu
139,ALASKA PACIFIC UNIVERSITY,alaskapacific.edu
140,HICKEL INVESTMENT COMPANY,hickelinvestment.comteam
141,PENINSULA COMMUNITY HEALTH SERVICES OF AK INC.,pchsak.org
142,THE SUPERIOR GROUP INC.,superiorpnh.com
143,"FLOWLINE ALASKA, INC.",flowlinealaska.com
144,CORPORATION OF THE CATHOLIC ARCHBISHOP OF ANCHORAGE,aoaj.org
145,"BRICE, INCORPORATED",briceinc.com
146,"COMMUNITY CONNECTIONS, INC.",comconnections.org
147,SLAYDEN PLUMBING & HEATING INC.,slaydenplumbing.net
148,AHTNA' T'AENE NENE',crnative.org
149,KENDALL AUTO LLC,kendallautoalaska.com
150,CONTINENTAL MOTOR COMPANY INC,continentalautogroup.com
151,ADVANCED SUPPLY CHAIN INTERNATIONAL LLC,ascillc.com
152,HUNA TOTEM CORPORATION,hunatotem.com
153,E. C. PHILLIPS AND SON INC.,ecphillipsalaska.com
154,WEAVER BROTHERS INC,weaverbrothersinc.com
155,KALININ AVIATION LLC,x
156,PENINSULA COMMUNITY HEALTH SERVICES OF AK INC.,pchsak.org
157,SOLSTENXP INC.,solstenxp.com
158,PRUHS CONSTRUCTION CO. L.L.C.,x
159,HDL ENGINEERING CONSULTANTS LLC,hdlalaska.com
160,"ALASKA TRAVEL ADVENTURES, INC.",alaskatraveladventures.com
161,DENALI FAMILY SERVICES I,denalifs.org
162,"FILM-ON PRODUCTIONS, LLC",x
163,"NORTH-WEND FOODS, INC",x
164,"THE ALASKA HOSPITALIST GROUP, LLC",alaskahospitalist.com
165,SEEKINS FORD LINCOLN INC,seekins.com
166,SOLSTENXP INC.,solstenxp.com
167,AHTNA ENGINEERING SERVICES LLC,ahtna.comkanasahtna-engineering-services
168,BARROW UTILITIES AND ELECTRIC COOPERATIVE INC,bueci.org
169,OLGOONIK DIVERSIFIED SERVICES LLC,olgoonik.comolgoonik-diversified-services
170,"OLGOONIK DIVERSIFIED SERVICES, LLC",olgoonik.comolgoonik-diversified-services
171,"VITUS ENERGY, LLC",vitus-energy.com
172,BIRCH HORTON BITTNER &,birchhorton.com
173,"CRW ENGINEERING GROUP, LLC",crweng.com
174,ALASKA CHILDREN'S SERVICES INC. DBA AK CHILD & FAMILY,akchild.org
175,"ALASKA CHILDREN'S SERVICES, INC",akchild.org
176,DELTA LEASING LLC,deltaleasing.com
177,DELTA LEASING LLC,deltaleasing.com
178,ACTIC CIRCLE ENTERPRISES LLC,aceak.com
179,WOLVERINE SUPPLY INC,wsiak.com
180,WOLVERINE SUPPLY INC,wsiak.com
181,SUBWAY OF ALASKA INC,subwayak.com
182,OLGOONIK ENTERPRISES LLC,olgoonik.comolgoonik-enterprises
183,OLGOONIK ENTERPRISES LLC,olgoonik.comolgoonik-enterprises
184,MEDICAL PARK FAMILY CARE INC.,mpfcak.com
185,"MEDICAL PARK FAMILY CARE, INC",mpfcak.com
186,"ANCHORAGE CHRYSLER CENTER, INC.",anchoragechryslercenter.com
187,BRECHAN CONSTRUCTION LLC,brechan.com
188,"NORDIC-CALISTA SERVICES NO. 1, A JOINT VENTURE",nordic-calista.com
189,DENALI VISIONS 3000 CORPORATION,workandtravelgroup.comusprogramwork-and-travel-usajobsjob-locationsalaskadenali-visions-3000-alaska
190,KALININ AVIATION LLC,x
191,"MAT-SU HEALTH SERVICES, INC.",mshsak.org
192,ALASCONNECT LLC,alasconnect.com
193,DENALI FAMILY SERVICES,denalifs.org
194,ANCHORAGE HOTEL PORTFOLIO LLC,opencorporates.comcompaniesus_ak10063697
195,ARCTIC CIRCLE ENTERPRISES LLC,aceak.com
196,ALASKA EXCURSIONS,alaskashoreexcursions.comskagway
197,"ALASKA EXCURSIONS, INC.",alaskashoreexcursions.comskagway
198,NEESER CONSTRUCTION,neeserinc.com
199,"RIM ARCHITECTS, LLC",rimarchitects.com
200,ALASKA INDEPENDENT COACH TOURS LLC,alaskacoachtours.com
201,ACCESS ALASKA INC,accessalaska.org
202,"WILDFLOWER COURT, INC.",wildflowercourt.org
203,"ALASKA INDEPENDENT COACH TOURS, LLC",alaskacoachtours.com
204,"BERING SEA ENVIRONMENTAL, LLC",bsenv.com
205,KLEBS MECHANICAL INC,x
206,ADVANCED PHYSICAL THERAPY INC,aptak.com
207,TLINGIT-HAIDA REGIONAL HOUSING AUTHORITY,regionalhousingauthority.org
208,LAND'S END ACQUISITION CORPORATION,x
209,"ALASKA UROLOGICAL INSTITUTE, P.C.",alaskaurology.com
210,"ALASKA RENT-A-CAR, INC.",x
211,ALASKA RENT A CAR INC,x
212,"ANCHORAGE DAILY NEWS, LLC",adn.comcontact
213,AKEELA INC,akeela.org
214,"NORTHERN SOLUTIONS, LLC",northernsolutionsak.com
215,ALASKA ARCTIC CATERING & SUPPORT SERVICES INC,arcticcatering.com
216,HEARTS AND HANDS OF CARE INC,heartsandhandsofcare.com
217,"FRESH ALE PUBS, LLC",tooth-merch.myshopify.com
218,COVENANT HOUSE ALASKA,covenanthouseak.org
219,HUNA TOTEM CORPORATION,hunatotem.com
220,"GHEMM COMPANY, INC.",fairbankschamber.orglistmemberghemm-company-llc-1162
221,BAILEYS FURNITURE OUTLET INC,baileysfurniture.com
222,MAT-SU SERVICES FOR CHILDREN & ADULTS INC,mssca.org
223,SKAGWAY BREWING COMPANY INC.,skagwaybrewing.com
224,SOUTH PENINSULA BEHAVIORAL HEALTH SERVICES INC,spbhs.org
225,ANCHORAGE MUSEUM ASSOCIATION,anchoragemuseum.org
226,ANCHORAGE MUSEUM ASSOCIATION,anchoragemuseum.org
227,BRECHAN CONSTRUCTION LLC,brechan.com
228,INTEGRITY LLC,x
229,CORDOVA COMMUNITY HOSPITAL,cdvcmc.com
230,"MARITIME HELICOPTERS, INC",maritimehelicopters.com
231,MAGTEC ALASKA LLC,magtecalaska.com
232,MAGTEC ALASKA LLC,magtecalaska.com
233,PRESBYTERIAN HOSPITALITY HOUSE INC,phhalaska.org
234,PRINCE WILLIAM SOUND AQUACULTURE CORPORATION,pwsac.com
235,KATMAI GOVERNMENT SERVICES,katmaicorp.com
236,COVENANT HOUSE ALASKA,covenanthouseak.org
237,"GENEVA WOODS HEALTH SUPPLIES, LLC",genevawoods.com
238,F & W CONSTRUCTION COMPANY INC.,x
239,FLOWLINE ALASKA INC.,flowlinealaska.com
240,"MIDNIGHT SUN TECHNOLOGIES, LLC",kikiktagruk.comgovernment-servicesmidnight-sun-technologies
241,"BLOOD BANK OF ALASKA, INC.",bloodbankofalaska.org
242,HOOK LINE & SINKER INC,hooklineschooner.com
243,NORTHERN SOLUTIONS,northernsolutionsak.com
244,SEWARD ASSOCIATION FOR THE ADVANCEMENT,guidestar.orgprofile92-0132479
245,CAPSTONE FAMILY PHYSICIANS LLC,capstoneclinic.com
246,"HARRIS SAND & GRAVEL, INC.",x
247,"MASS EXCAVATION, INC.",massexcavation.com
248,BOYS & GIRLS CLUBS OF SOUTHCENTRAL ALASKA,imdb.comtitlett1190634
249,CHENA HOLDINGS INC.,certifiedeo.comcompanychena-holdings
250,MEDICAL GROUP OF ALASKA LLC,medgroupak.comhome.html
251,AHTNA INCORPORATED,ahtna.com
252,"YUKON FIRE PROTECTION SERVICES, INC.",yukonfire.com
253,CAPE FOX LODGE LLC,capefoxlodge.com
254,"GLM ENERGY SERVICES, LLC",glmenergyllc.com
255,SLAGLE LLC,opencorporates.comcompaniesus_ak69229D
256,SLAGLE LLC,opencorporates.comcompaniesus_ak69229D
257,PIKE'S ON THE RIVER INC.,pikeslodge.com
258,KATMAI ONCOLOGY GROUP LLC,katmaioncology.com
259,G2 CONSTRUCTION,g2const.com
260,SEWARD ASSOCIATION FOR THE ADVANCEMENT OF MARINE SCIENCE,guidestar.orgprofile92-0132479
261,"ARCTIC OFFICE MACHINE, INC.",arcticoffice.com
262,PETROTECHNICAL RESOURCES OF ALASKA LLC,petroak.com
263,SATEO INC,x
264,"SATEO, INC.",x
265,KLEBS MECHANICAL,x
266,GLACIER SERVICES INC,glcr.com
267,SAGAYA CORPORATION,store.newsagaya.comcontact-us.aspx
268,"ANCHORAGE HOTEL PORTFOLIO, LLC",opencorporates.comcompaniesus_ak10063697
269,"TRAILERCRAFT, INC.",trailercraft.com
270,AHTNA FACILITY SERVICES INCORPORATED,ahtna.comdoing-business-with-ahtnafamily-of-companies
271,BETHEL CONTRACTING LLC,bethelcompanies.com
272,BETHEL CONTRACTING LLC,bethelcompanies.com
273,THE BREWS BROTHERS LLC,x
274,BOYS & GIRLS CLUBS OF SOUTHCENTRAL ALASKA - 10678,imdb.comtitlett1190634
275,CHENA HOLDINGS INC,alaskacompanydir.comcompanieschena-holdings-inc
276,"PROVIDENCE ANCHORAGE ANESTHESIA MEDICAL GROUP, PC",paamg.net
277,"PETROTECHNICAL RESOURCES OF ALASKA, LLC",petroak.com
278,ATS ALASKA INC,crunchbase.comorganizationats-alaska
279,PATHFINDER AVIATION LLC,pathfinderaviation.com
280,"RPR, INC.",x
281,"WRIGHT AIR SERVICE, INC.",wrightairservice.com
282,"CORNERSTONE GENERAL CONTRACTORS, INC.",cornerstoneak.com
283,"SWALLING GENERAL CONTRACTORS, LLC",sgcak.com
284,HARRIS SAND & GRAVEL INC.,x
285,THE ALASKA SPORTSMAN'S LODGE LLC,fishasl.com
286,KENDALL FORD ALASKA LLC,kendallfordwasilla.com
287,"YULISTA SUPPORT SERVICES, LLC",yulista.comsubsidiariesyulista-support-services-llc
288,"SUBWAY OF ALASKA, INC.",subwayak.com
289,KATMAI INTEGRATED SOLUTIONS LLC,katmaicorp.com
290,"MCKINLEY CAPITAL MANAGEMENT, LLC",mckinleycapital.com
291,"ROGER HICKEL CONTRACTING, INC.",rogerhickelcontracting.com
292,"ALASKA TERMINALS, INC",akterminals.com
293,ALASKA TERMINALS INC,akterminals.com
294,"ALASKA UROLOGY, LLC",alaskaurology.com
295,UNIVERSAL WELDING & FABRICATION,universal-welding.com
296,UNIVERSAL WELDING & FABRICATION INC,universal-welding.com
297,MEDICAL GROUP OF ALASKA,npino.comprimary-clinic1750730594-medical-group-of-alaska
298,PRINCE WILLIAM SOUND AQUACULTURE CORPORATION,pwsac.com
299,CORNERSTONE GENERAL CONTRACTORS INC.,cornerstoneak.com
300,JAMHI HEALTH& WELLNESS INC,jamhihealthandwellness.org
301,GRANDE DENALI LLC,denalialaska.comgrande-denali-lodge
302,"ANCHORAGE BAPTIST TEMPLE, INC.",mountaincity.church
303,ALASKA RIVERWAYS INC,riverboatdiscovery.com
304,ALASKA RIVERWAYS INC,riverboatdiscovery.com
305,DENALI VISIONS 3000,workandtravelgroup.comusprogramwork-and-travel-usajobsjob-locationsalaskadenali-visions-3000-alaska
306,TAYLORED CONSTRUCTION SERVICES,tayloredrestorationalaska.com
307,"DOYON DRILLING, INC.",doyondrilling.com
308,"GENE'S, INC.",alaskabids.usalaska-contractorscontractor-5417481-GENE-S-INC.htm
309,SCHMOLCK MECHANICAL CONTRACTORS INC.,x
310,HOME IMPROVEMENT SERVICES COMPANY,manta.comcmbyg3g9home-improvement-services-company
311,SOUTH RESTAURANT + COFFEEHOUSE LLC,southak.com
312,GASTINEAU GUIDING COMPANY LLC,stepintoalaska.com
313,"ALASKA GLACIER SEAFOODS, INC.",alaskaglacierseafoods.com
314,"RUST'S FLYING SERVICE, INC.",flyrusts.com
315,KATMAI RESOURCE MANAGEMENT LLC,katmaicorp.com
316,VANNOY ELECTRIC LLC,vannoyelectric.com
317,VANNOY ELECTRIC LLC,vannoyelectric.com
318,CAMP FIRE ALASKA,campfireak.org
319,CAMP FIRE ALASKA,campfireak.org
320,SCHMOLCK MECHANICAL CONTRACTORS INC.,x
321,TONGASS TRADING COMPANY,tongasstrading.com
322,GOLDEN NORTH VAN LINES INC,goldennorthvanlines.com
323,GOLDEN NORTH VAN LINES INC.,goldennorthvanlines.com
324,"ACCEL FIRE SYSTEMS, INC.",accelfire.com
325,"NORTH SLOPE TELECOM, INC.",nstiak.com
326,LEE ENTERPRISES INC,opencorporates.comcompaniesus_ak10129241
327,"KWIKPAK FISHERIES, LLC",x
328,"SPECIALIZED TRANSPORT & RIGGING, LLC",schools.nyc.govlearningspecial-educationsupports-and-servicesspecialized-transportation
329,LAND'S END ACQUISITION CORPORATION,x
330,ANCHORAGE WOMEN'S CLINIC LLC,anchoragewomensclinic.com
331,ALASKA RADIOLOGY ASSOCIATES INC,alaskarad.com
332,JAFFA CONSTRUCTION INC,jaffaconstruction.com
333,"MECHANICAL SPECIALIST, INC.",x
334,MECHANICAL SPECIALISTS INC,x
335,"ALTMAN, ROGERS & CO., APC",altrogco.com
336,"ALASKA ARTIC CATERING & SUPPORT SVCS, INC",arcticcatering.com
337,HAMES CORPORATION,hamescorp.com
338,MAC PIZZA COMPANY LLC,opencorporates.comcompaniesus_ak10005840
339,"ADVANCED PHYSICAL THERAPY, INC.",aptak.com
340,CRAIG TAYLOR EQUIPMENT,craigtaylorequipment.com
341,EKLUTNA INC,eklutnainc.com
342,TAILWIND INC,mapquest.comusalaskatailwind-inc-373834952
343,"SKAGWAY BREWING COMPANY, INC",skagwaybrewing.com
344,"GMC CONTRACTING, INC.",gmccontracting.net
345,"ALASKA CENTER FOR PEDATRICS, LLC",akpeds.com
346,CONTINENTAL CAR & TRUCK LLC,lincoln.comluxury-carscontinental
347,ACCEL FIRE SYSTEMS INC.,accelfire.com
348,DESIGN ALASKA INC.,designalaska.com
349,KENDALL FAIRBANKS LLC,kendalltoyotaoffairbanks.com
350,"VALLEY MEDICAL CARE, A PROFESSIONAL CORP",valleymedicalcare.com
351,TRIUMVIRATE LLC,opencorporates.comcompaniesus_ak96630
352,DESIGN ALASKA INC,designalaska.com
353,TOTAL ABLE AUTOMOTIVE LLC,alaskacompanydir.comcompaniestotal-able-automotive-llc
354,"TDX HOLDINGS, LLC",tdxcorp.com
355,ALASKA RAINFOREST SANCTUARY LLC,visit-ketchikan.comenMembersAlaskaRainforestSanctuaryFull-page
356,STARS OF GOLD LLC,alaskacompanydir.comcompaniesstars-of-gold-llc
357,PROCARE HOME MEDICAL INC.,procarehm.com
358,"BILIKIN INVESTMENT GROUP, INC.",x
359,SALTWATER INC,saltwaterinc.com
360,"KOMAN GOVERNMENT SOLUTIONS, LLC",komangs.com
361,"CROS ROAD HEALTH MINISTRIES, INC.",crossroadmc.org
362,AIRFRAMES ALASKA LLC,airframesalaska.com
363,KALADI BROTHERS COFFEE,kaladi.com
364,"HAMILTON CONSTRUCTION, LLC",alaskabids.usalaska-contractorscontractor-5364187-HAMILTON-CONSTRUCTIO.htm
365,"KATMAI AIR, LLC",katmaiair.com
366,"ALASKA FAMILY SERVICES, INC.",akafs.org
367,NINE STAR ENTERPRISES,ninestar.org
368,SOUTHERN SOUTHEAST REGIONAL AQUACULTURE ASSOCIATION INC.,ssraa.org
369,DELTA INDUSTRIAL SERVICES INC.,deltaindustrial.com
370,PTARMIGAN PEDIATRICS LLC,ptarmiganpediatrics.com
371,"BTY DENTAL GROUP, LLC.",btydental.com
372,"SOUTHERN SOUTHEAST REGIONAL AQUACULTURE ASSOICATION, INC.",ssraa.org
373,VENTURE TRAVEL LLC,x
374,"ALASKA AGGREGATE PRODUCTS, LLC.",ak-gravel.com
375,"ALASKA RAINFOREST SANCTUARY, LLC",visit-ketchikan.comenMembersAlaskaRainforestSanctuaryFull-page
376,CHAZ LTD,chazltd.com
377,"SPECIALIZED TRANSPORT & RIGGING, LLC",schools.nyc.govlearningspecial-educationsupports-and-servicesspecialized-transportation
378,"AIRFRAMES ALASKA, LLC",airframesalaska.com
379,"ANCHORAGE NEIGHBORHOOD HOUSING SERVICES, INC",nwalaska.org
380,"DRAKE CONSTRUCTION, INC.",drakeconstruction.net
381,WILLIAMS INCORPORATED,x
382,NORTH STAR TERMINAL & STEVEDORE COMPANY LLC,northstarak.comterminal-stevedoring-services
383,"JOHNSON RIVER ENTERPRISES, LLC",johnsonriver.com
384,"BTY DENTAL GROUP, LLC.",btydental.com
385,"LOUNSBURY & ASSOCIATES, INC.",lounsburyinc.com
386,"E. C. PHILLIPS AND SON, INC.",ecphillipsalaska.com
387,"VENTURE TRAVEL, L.L.C.",x
388,AAA MOVING & STORAGE INC.,ace.aaa.comdiscountscategoryhome-and-moving.html
389,RUST'S FLYING SERVICE INC.,flyrusts.com
390,"GREER TANK, INC.",greertank.com
391,SEWARD WILDLIFE CRUISES LLC,majormarine.com
392,LANDYE BENNETT BLUMSTEIN LLP,lbblawyers.com
393,"MEGAWATT ELECTRIC, LLC",megawattelectric.com
394,SEWARD WILDLIFE CRUISES LLC,majormarine.com
395,HOOK LINE & SINKER INC,hooklineschooner.com
396,MTNT LTD,mtnt.net
397,"SECURETRANS, INC",x
398,"STORMWATER PLANS, LLC",swpcontracting.com
399,ALASKA GARDEN & PET SUPPLY INC.,itgrowsinalaska.community.uaf.edu
400,THE LANDING RESTAURANT LLC.,landinghotel.comdiningthe-landing-restaurant
401,ST. GEORGE TANAQ CORPORATION,tanaq.com
402,ALYESKA SALES AND SERVICE INC,alyeskatire.com
403,"VF GRACE, INC.",vfgrace.comcustportindex.htm
404,"AMES 1, LLC",ames1.com
405,"ALASKA ICEFIELD EXPEDITIONS, INC",akdogtour.com
406,"TATITLEK FEDERAL SERVICES, INC.",tatitlek.comour-servicestatitlek-federal-services-inc-tfsi
407,CONTINENTAL AUTO LLC,continentalautogroup.com
408,TULUKSAK DREDGING LTD.,opencorporates.comcompaniesus_ak44547D
409,"NORTHSTAR AUTO, INC.",bloomberg.comprofilecompany4954904Z:US
410,TAIGA MINING COMPANY INC,x
411,"TAIGA MINING COMPANY, INC.",x
412,INTERNATIONAL INN LLC,travelweekly.comHotelsAnchorageCoast-International-Inn-p3701166
413,HAMILTON CONSTRUCTION LLC,alaskabids.usalaska-contractorscontractor-5364187-HAMILTON-CONSTRUCTIO.htm
414,FRAWNER CORPORATION,x
415,"FRONTIER COMMUNITY SERVICES, INC.",fcsonline.org
416,KENDALL ALASKA IMPORTS LLC,kendallautoalaska.com
417,"RSA ENGINEERING, INC.",rsa-ak.com
418,"PIKE'S ON THE RIVER, INC.",pikeslodge.com
419,COOLEY CO,x
420,"BLACK GOLD EXPRESS, INC.",blackgoldalaska.com
421,"K2 ADVENTURES, INC",flyk2.com
422,A & A ROOFING INC,x
423,SOUTHEAST REGIONAL RESOURCE CENTER INC,serrc.org
424,"DENALI ANESTHESIA, LLC",bestanesthesiateam.com
425,EYE CLINIC OF FAIRBANKS INC,eyeclinicoffairbanks.com
426,SOLOY HELICOPTERS LLC,soloyhelicopters.com
427,"CORNERSTONE HOLDINGS, INC.",alaskacompanydir.comcompaniescornerstone-holdings-inc
428,"DELTA INDUSTRIAL SERVICES, INC.",deltaindustrial.com
429,TONGASS TRADING COMPANY,tongasstrading.com
430,LATOUCHE PEDIATRICS LLC,latouchepediatrics.com
431,F R BELL & ASSOCIATES INC,bellalaska.com
432,KODIAK ISLAND HEALTH CARE FOUNDATION,kodiakchc.org
433,CLASSIC ALASKA TRADING/BIG RAY'S INC,bigrays.com
434,PRISM DESIGN & CONSTRUCTION LLC,x
435,GENTLE CARE SERVICES INC.,mapquest.comusalaskagentle-care-service-inc-359960109
436,GENTLE CARE SERVICES INC.,mapquest.comusalaskagentle-care-service-inc-359960109
437,AAA MOVING AND STORAGE INC,alliedalaska.com
438,KAIYUH SERVICES LLC,ganaayoo.comkaiyuh-services
439,ALASKA NEUROLOGY CENTER LLC,aknc.com
440,"PRISM DESIGN & CONSTRUCTION, LLC",x
441,"BRISTOL BAY MISSION LODGE, LLC",missionlodge.com
442,BUCKSTONE WEST LLC,x
443,"TUNISTA LOGISTICS SOLUTIONS, LLC",yulista.comsubsidiariestunista-logistics-solutions-llc
444,SUNSHINE COMMUNITY HEALTH CENTER INC,sunshineclinic.org
445,"COASTALASKA, INC.",guidestar.orgprofile92-0162579
446,GREAT ALASKAN HOLIDAYS INC,greatalaskanholidays.com
447,FOCUS INC.,focusoutreach.org
448,ALASKA WOMEN'S HEALTH,akwomenshealth.com
449,GANA-A'YOO SERVICES CORPORATION,ganaayoo.com
450,"BIG DREAMS TRANSPORT, LTD.",x
451,"AIR LAND TRANSPORT, INC",airlandak.com
452,"KINNEY ENGINEERING, LLC",kinneyeng.com
453,JANCO COMMERCIAL CLEANING LLC,jancojanitorial.net
454,"HAPPY TAILS, INC.",opencorporates.comcompaniesus_ak129600
455,"ALASKA SPORTSMAN'S LODGE, LLC",fishasl.com
456,"ALASKA CENTER FOR EAR NOSE AND THROAT, INC",acentalaska.com
457,KODIAK ISLAND HEALTH CARE FOUNDATION,kodiakchc.org
458,TYONEK NATIVE CORPORATION,tyonek.com
459,BREEZE IN CORPORATION,breezein.com
460,"CHINOOK FIRE PROTECTION, INC.",chinookfireprotection.com
461,GMG GENERAL INC,gmggeneral.com
462,S. R. BALES CONSTRUCTION INC.,balesconst.com
463,"SR BALES CONSTRUCTION, INC",balesconst.com
464,"SOUTH RESTAURANT + COFFEEHOUSE, LLC",southak.com
465,"JERMAIN, DUNNAGAN & OWENS, P.C.",jdolaw.com
466,"MIDNIGHT SUN GLOBAL SERVICES, LLC",kikiktagruk.comgovernment-servicesmidnight-sun-global-services
467,GRAND DENALI LLC,alaskacompanydir.comcompaniesgrande-denali-llc
468,COOLEY CO,x
469,EMC ENGINEERING LLC,emcalaska.com
470,SHERMAN TECHNOLOGIES LLC,shermantechnologies.com
471,SHERMAN TECHNOLOGIES LLC,shermantechnologies.com
472,"TDL STAFFING, INC.",tdlstaffing.com
473,"TDL STAFFING, INC.",tdlstaffing.com
474,IMAGE DRYWALL & PAINT INC,imagedrywall.com
475,ALYESKA VASCULAR SURGERY LLC,avs-ak.com
476,"BLAZY CONSTRUCTION, INC.",blazycon.com
477,WITHIN THE WILD ADVENTURE CO,withinthewild.com
478,TRINITY ANALYSIS & DEVELOPMENT CORP,github.comtrinityrnaseqtrinityrnaseqwiki
479,"EMC ENGINEERING, LLC",emcalaska.com
480,"WESTERN SHEET METAL & CONTROLS, INC.",westernsheetmetal.com
481,IMAGE DRYWALL & PAINT INC,imagedrywall.com
482,RASMUSON FOUNDATION,rasmuson.org
483,SHEET METAL INC,sheetmetalinc.com
484,SOUTHEAST ALASKA SPORTFISHING ADVENTURES INC.,princeofwalessportfishing.com
485,R J H INCORPOATED,mapquest.comusalaskarjh-inc-350802678
486,"R.J.H., INCORPORATED",mapquest.comusalaskarjh-inc-350802678
487,SOLOY HELICOPTERS LLC,soloyhelicopters.com
488,ALASKA THERMAL FABRICATIONS LLC,alaskacompanydir.comcompaniesalaska-thermal-fabrications-llc
489,BLAZY CONSTRUCTION INC,blazycon.com
490,"INTERNATIONAL AVIATION SERVICE, INC",iasak.com
491,"TUTKA, LLC",tutkallc.com
492,INTERIOR COMMUNITY HEALTH CENTER,interiorcommunityhealth.org
493,ALASKA LINE BUILDERS LLC,aklinebuilders.com
494,"BSET, LLC",bsetak.com
495,"CAPE FOX LODGE, LLC",capefoxlodge.com
496,HAMMER & WIKAN INCORPORATED,x
497,SHEET METAL INC,sheetmetalinc.com
498,SPAWN IDEAS INC,spawnideas.com
499,SPAWN IDEAS INC EMPLOYEE ESOP,spawnideas.comcareersaccounting-manager
500,RESIDENTIAL YOUTH CARE INC.,rycalaska.com
501,"RESIDENITAL YOUTH CARE, INC.",rycalaska.com
502,"A & A ROOFING CO., INC.",en.wikipedia.orgwikiA
503,"WELLSPRING HOME HEALTH CENTER, LLC",wellspringhomehealth.com
504,"M & S ASSOCIATES, INC.",x
505,"JUNEAU BONE & JOINT CENTER, LLC",jbjcortho.com
506,"WIND TALKER INNOVATIONS, INC.",windtalker.com
507,CRITERION GENERAL INC,criteriongeneral.com
508,"CRITERION GENERAL, INC.",criteriongeneral.com
509,BAC TRANSPORTATION LLC,bactrans.com
510,CRYSTAL CREEK LODGE LLC,crystalcreeklodge.com
511,STARS OF GOLD LLC,alaskacompanydir.comcompaniesstars-of-gold-llc
512,K2 ADVENTURES INC.,flyk2.com
513,"MIRANDA ELECTRIC, INC",x
514,"ALASKA PUBLIC MEDIA, INC",alaskapublic.org
515,"CONSOLIDATED ENTERPRISES, INC",ceiak.com
516,CATHOLIC SOCIAL SERVICES INC.,cssalaska.org
517,THE NEW PEANUT FARM INC,wemustbenuts.com
518,"TAYLOR FIRE PROTECTION SERVICES, LLC",taylorfire.com
519,BETTISWORTH NORTH ARCHITECTS AND PLANNERS INC,bettisworthnorth.com
520,ROY BRILEY INC,roybrileypropertymanagement.com
521,"JOLT CONSTRUCTION & TRAFFIC MAINTENANCE, INC",x
522,"TRIUMVIRATE, LLC",opencorporates.comcompaniesus_ak96630
523,PLAYFUL LEARNING PEDIATRIC THERAPY LLC,playfullearningtherapy.com
524,BLACK GOLD EXPRESS INC.,blackgoldalaska.com
525,GRACE CHRISTIAN SCHOOL,gracechristianalaska.org
526,"5150 GLOBAL SOLUTIONS, LLC",5150globalsolutions.com
527,BACTRANSPORTATION LLC,bactrans.com
528,ARCHITECTS ALASKA INC,architectsalaska.com
529,MIDNIGHT SUN SUBWAY LLC,opencorporates.comcompaniesus_ak94975
530,JUNEAU SUPERMARKET LLC,opencorporates.comcompaniesus_ak10007030
531,LATOUCHE PEDIATRICS LLC,latouchepediatrics.com
532,"PROVIDENCE SURGERY CENTERS, LLC",creeksideasc.com
533,FIVE STAR OILFIELD SERVICES LLC,fivestaroilfieldservices.com
534,"ANCHORAGE NEUROSURGICAL ASSOCIATES, INC.",akneurosurgery.com
535,ALASKA WILDLAND ADVENTURES INC,alaskawildland.com
536,ALASKA WILDLAND ADVENTURES INC,alaskawildland.com
537,YC JUNEAU HOTEL LLC,bloomberg.comprofilecompany1509340D:US
538,SEALASKA HERITAGE INSTITUTE INC,sealaskaheritage.org
539,"PAKLOOK AIR, INC.",mapquest.comusalaskapaklook-air-inc-378941028
540,PAKLOOK AIR INC,mapquest.comusalaskapaklook-air-inc-378941028
541,"AA PAIN CLINIC, INC.",aapain.com
542,AA PAIN CLINIC INC,aapain.com
543,TAYLOR FIRE PROTECTION SERVICES LLC,taylorfire.com
544,SPECIALTY IMPORTS INC,specialtyimports.com
545,EARHART ROOFING COMPANY INC.,earhartroofing.com
546,EARHART ROOFING COMPANY INC,earhartroofing.com
547,"BIG DREAMS TRANSPORT, LTD.",x
548,"ALLERGY, ASTHMA AND IMMUNOLOGY CENTER OF ALASKA, LLC",allergyalaska.com
549,ADAMS MORGENTHALER & CO INC DBA AMC,x
550,"EVERTS AIR FUEL, INC.",evertsair.comfuel
551,ALASKA WILD SEAFOOD PARTNERS LLC,alaskawildseafood.com
552,TOTAL ECLIPSE,timeanddate.comeclipseinusaanchorage
553,JANASKA CORP,alaskacompanydir.comcompaniesjanaska-corp
554,THE LEGACY GROUP INC.,opencorporates.comcompaniesus_ak68735D
555,YMCA OF ANCHORAGE ALASKA,ymcaalaska.org
556,CENTER FOR COMMUNITY,cfc.org
557,VOLUNTEERS OF AMERICA OF ALASKA,voaak.org
558,"EQUIPMENT SOURCE, INC",esialaska.com
559,ALASKAN AUTO INC,napaalaska.com
560,J&D RESTAURANTS INC,x
561,AARON PLUMBING AND HEATING COMPANY,aaronak.com
562,UNITED WAY OF ANCHORAGE INC,liveunitedanc.org
563,"KONIAG, INC.",koniag.com
564,ALASKA INDUSTRIAL LLC,alaskaind.comwp-dir
565,"DENALI EMGERGENCY MEDICINE ASSOCIATES, P.C.",doctor.webmd.compracticedenali-emergency-medicine-associates-e8c5a3c8-4703-e211-a42b-001f29e3eb44
566,"FDNM FAIRBANKS DAILY NEWS MINER, LLC",newsminer.com
567,RIVER'S EDGE HOTELS LLC,riversedge.net
568,GOURMET VENTURES INC.,x
569,NUSHAGAK COOPERATIVE INCORPORATED,nushtel.com
570,K-C CORPORATION,kccorporation.com
571,"JUNEAU TOURS, LLC",juneautours.com
572,"NORTHERN SOUTHEAST REGIONAL AQUACULTURE ASSOC., INC.",nsraa.org
573,"PRL LOGISTICS, INC.",prllogistics.com
574,PRL LOGISTICS INC,prllogistics.com
575,PLAY N LEARN CENTER INC,guidestar.orgprofile92-0047999
576,"FRONTIER SUPPLY, INC.",frontiersupply.com
577,"MCN CONSTRUCTION, INC.",x
578,EKLUTNA INC.,eklutnainc.com
579,ABC MOTORHOME RENTALS INC,abcmotorhome.com
580,TH1 LLC,th1llc.com
581,TH1 LLC,th1llc.com
582,WOLF EYE CENTER INC,wolfeyecenter.com
583,WOLF EYE CENTER INC,wolfeyecenter.com
584,SENIOR CARE SPECIALISTS LLC,care.comblsenior-care-specialist-llcanchorage-ak
585,ALASKA PREMIER CHARTERS INC.,wildstrawberrylodge.com
586,DOYLES FUEL SERVICE INC,doylesfuelservice.com
587,GREAT ALASKA FISH CAMP INC,remax.comaksterlinghome-detailsl42-43-great-alaska-fish-camp-sterling-ak-996728068847125975196417M0000000120-9881
588,"BRIGHT BEGINNINGS EARLY LEARNING CENTER OF ANCHORAGE, INC",brightbeginningselc.com
589,"BAY WELDING SERVICES, INC.",bayweldboats.com
590,INTERIOR ALASKA CENTER FOR NON-VIOLENT LIVING,iacnvl.org
591,"JUNEAU EMERGENCY MEDICAL ASSOCIATES, INC",bartletthospital.orgservicesemergency-services
592,ALASKA RED DOG SALOON LLC,reddogsaloon.com
593,EP ROOFING INC,eproofing.com
594,HAUTE QUARTER GRILL INC,hautequartergrill.com
595,COPPER RIVER RENTALS LLC,mapquest.comusalaskacopper-river-rentals-llc-420568260
596,TCI CONSTRUCTION COMPANY INC.,fairbankschamber.orglistmembertci-construction-company-inc-1627
597,MCN CONSTRUCTION INC,x
598,COPPER RIVER RENTALS LLC,mapquest.comusalaskacopper-river-rentals-llc-420568260
599,"ABC MOTORHOME RENTALS, INC",abcmotorhome.com
600,Q-1 CORPORATION,x
601,NORTHERN SE REGIONAL AQUACULTURE ASSOC. INC.,nsraa.org
602,"ABR, INC.",abrinc.com
603,"NYAC MINING COMPANY, LLC",x
604,FIKE INDUSTRIAL CONSTRUCTION LLC,fikeindustrialconstruction.com
605,RED ONION SALOON INC,redonion1898.com
606,BIG STATE LOGISTICS INC.,x
607,"BIG STATE LOGISTICS, INC.",x
608,"AFFORDABLE USED CARS, INC.",affordableusedcarsfairbanks.com
609,UP THE CREEK INC.,opencorporates.comcompaniesus_ak65614D
610,"FAIRBANKS CANCER CARE PHYSICIANS, PC",fairbankscancercare.com
611,"TAILWIND, INC",mapquest.comusalaskatailwind-inc-373834952
612,JUNEAU TOURS LLC.,juneautours.com
613,"THE LANDING RESTAURANT, LLC",landinghotel.comdiningthe-landing-restaurant
614,GRACE COMMUNITY CHURCH,anchoragegrace.org
615,"BSI, INC.",bsiequipment.com
616,5150 GLOBAL SOLUTIONS LLC,5150globalsolutions.com
617,ALASKA EYE CARE CENTERS APC,alaskaeyecare.com
618,"ALASKA EYE CARE CENTERS, A PROFESSIONAL CORPORATION",alaskaeyecare.com
619,CROSSROADS COUNCELING & TRAINING SERVICES,crossroadscounselingllc.com
620,"KATCH A MAC, INC.",x
621,INTERNAL MEDICINE ASSOCIATES LLC,internalmedak.com
622,"CIRCLE PLUMBING & HEATING, INC.",nycmpc.orgmembersdefault.asp%3Fid%3D69205088
623,SLINKARD & SMITH CO LLC,ancestry.comname-origin%3Fsurname%3Dslinkard
624,"PLAYFUL LEARNING PEDIATRIC THERAPY, LLC",playfullearningtherapy.com
625,NONPROFIT IN BUSINESS 20 YEARS,greatnonprofits.orgcityanchorageAK
626,"PEAK NEUROLOGY AND SLEEP MEDICINE, LLC",peakneurology.com
627,CHOSEN CONSTRUCTION INC,chosencorp.com
628,BIG ISLAND ALEHOUSE LLC,alaskacompanydir.comcompaniesbig-island-alehouse-llc
629,EP ROOFING INC,eproofing.com
630,BILL'S DISTRIBUTING INC,billsdistributing.com
631,YAKUTAT COMMUNITY HEALTH CENTER,yakutathealth.org
632,YAKUTAT COMMUNITY HEALTH CENTER,yakutathealth.org
633,ANDERSON'S FIREWEED LODGE INC.,alaskafishingkingsalmon.com
634,ALCAN BUILDERS INCORPORATED,alcanbuilders.com
635,"B. C. EXCAVATING, LLC",bcxllc.net
636,B C EXCAVATING LLC,bcxllc.net
637,AAA FENCE INC,aaafenceak.com
638,"AAA FENCE, INC.",aaafenceak.com
639,JOLT CONSTRUCTION & TRAFFIC MAINTENANCE,x
640,CATHOLIC SCHOOLS OF FAIRBANKS,catholic-schools.org
641,"INTERNATIONAL INN, LLC",travelweekly.comHotelsAnchorageCoast-International-Inn-p3701166
642,"BROWNS ELECTRICAL SUPPLY CO., INC.",x
643,AHTNA GLOBAL LLC,ahtnadiversified.comahtna-global
644,MINT DENTAL LLC,mintdentalak.com
645,MINT DENTAL LLC,mintdentalak.com
646,ABR INC.,abrinc.com
647,DANIEL HENRY,justice.govusao-akprskagway-man-sentenced-12-months-and-one-day-prison-failure-pay-taxes
648,SILVER GULCH BREWING & BOTTLING INC,x
649,THE PUMP HOUSE LLC,pumphouse.com
650,"SURGERY CENTER OF WASILLA, LLC",surgerycenterwasilla.com
651,"WOSTMANN AND ASSOCIATES, INC",wostmann.com
652,POLLARD WIRELINE INC,pollardwireline.net
653,NEUROVERSION INC,neuroversion.com
654,RON WEBB PAVING INC,ronwebbpaving.com
655,"BEANS CAFE, INC.",beanscafe.org
656,D OF ALASKA INC.,web.alaskacharr.comRestaurantDenny'sD-of-Alaska-inc-239
657,SUITE 100 INC.,suite100.com
658,"ENVIRONMENTAL ASSESSMENT SERVICES, LLC",easbio.com
659,"BRIGHT BEGINNINGS EARLY LEARNING CENTER OF ANCHORAGE, INC",brightbeginningselc.com
660,ABUSED WOMEN'S AID IN CRISIS INC.,awaic.org
661,CAPITAL OFFICE SYSTEMS,capital-office.com
662,LET IT SNOW LLC,opencorporates.comcompaniesus_ak60878D
663,CADENCE GENERAL LLC,cadencegeneral.com
664,NORTHERN INDUSTRIAL TRAINININGLLC,nitalaska.com
665,"ALASKA STATE EMPLOYEES ASSOCIATION, INC.",afscmelocal52.org
666,"KILLISNOO HARBOR, LLC",safer.fmcsa.dot.govquery.asp%3Fsearchtype%3DANY%26query_type%3DqueryCarrierSnapshot%26query_param%3DUSDOT%26query_string%3D2891495
667,TRINION QUALITY CARE SERVICES INC,care.combltrinion-quality-care-servicesanchorage-ak
668,"TRINION QUALITY CARE SERVICES, INC.",care.combltrinion-quality-care-servicesanchorage-ak
669,"ALASKA ONCOLOGY & HEMATOLOGY, LLC",alaskaoncology.com
670,STAR ELECTRIC INC.,starak.us
671,ZAN INC,x
672,KENCARE INC.,x
673,WASILLA DRIVE-IN LLC,opencorporates.comcompaniesus_ak10098612
674,ALASKA ABATEMENT CORPORATION,x
675,DENALI OB-GYN ASSOCIATES LLC,denaliobgyn.com
676,HEALTH QUEST THERAPY INC,healthquesttherapy.com
677,"OPHTHALMIC ASSOCIATES, A PROFESSIONAL CORPORATION",akeyedoc.com
678,"TUTKA, LLC",tutkallc.com
679,ALCAN BUILDERS INC.,alcanbuilders.com
680,WITHIN THE WILD ADVENTURE CO,withinthewild.com
681,THE CHARIOT GROUP INC.,chariotgroup.com
682,THE CHARIOT GROUP INC,chariotgroup.com
683,"YUKON EQUIPMENT, INC.",yukoneq.com
684,"C&H TESTING SERVICES, LLC",en.wikipedia.orgwikiC_(programming_language)
685,C&H TESTING SERVICE LLC,en.wikipedia.orgwikiC_(programming_language)
686,ROTAK LLC,rotakheli.com
687,"ROTAK, LLC",rotakheli.com
688,"TDX QUALITY, LLC",tdxservices.comtdx-quality
689,ALASKA GLAZING INC.,alaskaglazinginc.com
690,"POSTAL INSTANT PRESS OF AK,INC",alaskacompanydir.comcompaniespostal-instant-press-of-alaska-inc
691,"COOL AIR MECHANICAL, INC.",coolairmechanicalinc.com
692,ADMIRALTY CONSTRUCTION INCORPORATED,x
693,NANIQ GLOBAL LOGISTICS LLC,naniqglobal.com
694,WIRED AK LLC,wiredak.com
695,"VANITY: AESTHETICS, DERMATOLOGY & WELLNESS, LLC",vanityalaska.com
696,"FRIEND CONTRACTORS, LLC",friendcontractors.com
697,"L.A.MEREDITH, LLC",x
698,FIKE INDUSTRIAL CONSTRUCTION LLC,fikeindustrialconstruction.com
699,"KENCARE, INC.",x
700,"SAI INVESTMENTS, LLC",opencorporates.comcompaniesus_ak69546D
701,SAI INVESTMENTS LLC,opencorporates.comcompaniesus_ak69546D
702,"GOLDBELT AERIAL TRAMWAY, LLC",tripadvisor.comAttraction_Review-g31020-d144194-Reviews-Goldbelt_Mount_Roberts_Tramway-Juneau_Alaska.html
703,MIDNIGHT SUN GLOBAL SERVICES LLC,x
704,POSTAL INSTANT PRESS OF ALASKA INC.,x
705,"MOORE HEATING, AIR CONDITIONING & REFRIGERATION INC",x
706,"HC CONTRACTORS, INC.",x
707,H.V.A.C. LLC,x
708,"CONNECTING TIES, INC",x
709,"READING WRITE ALASKA, INC.",x
710,PACRIM PROPERTIES LLC,x
711,CORRAL NW LLC,x
712,YOUNG MEN'S CHRISTIAN ASSOCIATION,x
713,AARON PLUMBING AND HEATING COMPANY,x
714,"GOLDEN HEART EMERGENCY PHYSICIANS, PC",x
715,"F.R. BELL & ASSOCIATES, INC.",x
716,BAY WELDING SERVICES INC,x
717,"SOUTHEAST ALASKA SPORTFISHING ADVENTURES, INC.",x
718,"OFC, INC.",x
719,DENALI HOSPITALITY GROUP INC,x
720,DENALI INDUSTRIAL SUPPLY INC.,x
721,COUNTRY FOODS GROCERY INC,x
722,UNITED WAY OF ANCHORAGE,x
723,ANCHORAGE CLEEK CORPORATION INC.,x
724,ANCHORAGE CLEEK CORPORATION,x
725,ALASKA ROTEQ CORPORATION,x
726,H5 CONSTRUCTION LLC,x
727,UNIT COMPANY,x
728,KETCHIKAN HOSPITALITY INC.,x
729,"GASTINEAU GUIDING COMPANY, LLC",x
730,"CORDOVA ELECTRIC COOPERATIVE, INC.",x
731,C & R PIPE AND STEEL INC.,x
732,"C & R PIPE AND STEEL, INC.",x
733,SET FREE ALASKA INC,x
734,"APDG HOLDING COMPANY, LLC",x
735,"GMW FIRE PROTECTION, INC",x
736,GREATLAND FOODS INC,x
737,"DIBBLE CREEK ROCK, LTD",x
738,ROCK N ROAD CONSTRUCTION INC,x
739,INDEPENDENCE HEALTHCARE PC,x
740,FLOYD & SONS INC,x
741,COASTAL VILLAGES ENTERPRISES INC,x
742,APDG HOLDING COMPANY LLC,x
743,ALASKA CAREER COLLEGE INC,x
744,EASTERSEALS ALASKA,x
745,EASTER SEALS ALASKA,x
746,ANCHORAGE PEDIATRIC GROUP LLC,x
747,"INDEPENDENCE PARK MEDICAL SERVICES, INC.",x
748,INDEPENDENCE PARK MEDICAL SERVICES INC.,x
749,"THE SURGERY CENTER OF FAIRBANKS, LLC",x
750,"ADAMS, MORGENTHALER & CO., INC.",x
751,"NOTHERN INDUSTRIAL TRAINING, LLC",x
752,ANESTHESIA CARE ASSOCIATES,x
753,RICHARDS DISTRIBUTING,x
754,YOUNGS' ENTERPRISES LLC,x
755,GREAT NORTHERN ENGINEERING,x
756,"ALL  FOR KIDS PEDIATRIC THERAPY, LLC",x
757,DOWLAND BACH CORP,x
758,ROCK N ROAD CONSTRUCTION INC,x
759,"NORTH PORT RENTALS, INC. AND ALEUTIAN FREIGHT SERVICES, INC.",x
760,PRODUCTION TESTING SERVICES INC,x
761,GOLDBELT INCORPORATED,x
762,GRAHAM INDUSTRIAL COATINGS LLC,x
763,ALASKA MECHANCIAL INC.,x
764,"FLOYD & SONS, INC.",x
765,"AMERICAN TIRE WAREHOUSE, INC.",x
766,ALASKA CAREER COLLEGE INC,x
767,CAFE DE PARIS CATERING COMPANY,x
768,"ENVIRONMENTAL COMPLIANCE CONSULTANTS, INC",x
769,CONSUMER CARE NETWORK INC,x
770,GOLDBELT AERIAL TRAMWAY LLC,x
771,"INTERIOR ALASKA ROOFING, INC.",x
772,INTERIOR ALASKA ROOFING INC,x
773,WINGS AIRWAYS LLC,x
774,WINGS AIRWAYS LLC,x
775,AVALON DEVELOPMENT CORPORATION,x
776,ALASKA NATIVE HERITAGE CENTER INC.,x
777,WASILLA ROBIN ALASKA LLC,x
778,ADMIRALTY CONSTRUCTION INCORPORATED,x
779,TRAILBOSS ENTERPIRSES INC,x
780,BRISTOL BAY LODGE LLC,x
781,PROGRAM FOR INFANTS AND CHILDREN,x
782,"THREE STAR ENTERPRISES, LLC",x
783,KETCHIKAN MECHANICAL INC.,x
784,MCKINLEY SERVICES OF ALASKA LLC,x
785,ENVIRONMENTAL COMPLIANCE CONSULTANTS INC,x
786,"MCKINLEY SERVICES OF ALASKA, LLC",x
787,TIKCHIK NARROWS LODGE INC,x
788,ALASKA WEATHER OPERATIONS SERVICES INC,x
789,MIDNIGHT SUN BREWING LLC,x
790,SEAVIEW COMMUNITY SERVICES,x
791,"WARBELOW'S AIR VENTURES, INC.",x
792,NORTHERN ALASKA TOUR COMPANY,x
793,DENALI INDUSTRIAL SUPPLY INC,x
794,OLGOONIK CONSTRUCTION SERVICES LLC,x
795,JURIS MINDENBERGS,x
796,H&T INC DBA CLUB PARIS,x
797,"RJG, A PROFESSIONAL CORPORATION",x
798,ABSOLUTE SERVICES INC,x
799,"THE NEW PEANUT FARM, INC.",x
800,PAPAC ALASKA LOGGING INC,x
801,NORTHERN GEOTECHNICAL ENGINEERING INC.,x
802,GUY J BURK DMD LLC,x
803,GUY J BURK DMD LLC,x
804,"REDEMPTION, INCORPORATED",x
805,"ALASKA INDUSTRIAL, LLC",x
806,GREAT ALASKA FISH CAMP INC,x
807,"NAKNEK ELECTRIC ASSOCIATION, INC.",x
808,NAKNEK ELECTRIC ASSOCIATION,x
809,WHALEN CONSTRUCTION INC,x
810,VALLEY HOTEL INC.,x
811,FAM ALASKA INC,x
812,TACO KING INC,x
813,E & A INC,x
814,"BAXTER SENIOR LIVING, LLC",x
815,AK SUPPLY INC,x
816,"ARCTIC FIRE, INC",x
817,TERRA FIRMA TESTING,x
818,"MIDNIGHT SUN SUBWAY, L.L.C.",x
819,VIKING LUMBER COMPANY INC,x
820,MRT INC.,x
821,CONNECTING TIES INC.,x
822,YC JUNEAU HOTEL LLC,x
823,"SITKA COUNSELING & PREVENTION SERVICES, INC.",x
824,DENALI NATIONAL PARK WILDERNESS CENTERS LTD.,x
825,FRIEND CONTRACTORS LLC,x
826,P INC,x
827,"P, INC.",x
828,SUKAKPAK INC.,x
829,RESTAURANT CONCEPTS LLC,x
830,WILKEN-ALASKA INC,x
831,"HARRI PLUMBING & HEATING, INC.",x
832,TALKEETNA RESTAURANT LLC,x
833,TECPRO LTD,x
834,"HILLSIDE FAMILY MEDICINE, LLC",x
835,KODIAK REGIONAL AQUACULTURE ASSOCIATION,x
836,"TYONEK SERVICES OVERHAUL FACILITY - STENNIS, LLC",x
837,TYONEK SERVICES GROUP INC,x
838,RED ROBIN ALASKA INC.,x
839,STUAQPAK INC,x
840,ALASKA SAUSAGE CO INC,x
841,ORION CONSTRUCTION INC,x
842,"SPINELL HOMES, INC.",x
843,CHUGIAK SENIOR CITIZENS INC,x
844,"MALEMUTE, INC.",x
845,PEPPERS NORTH LLC,x
846,NORTECH INC,x
847,"GOURMENT VENTURES, INC.",x
848,SCHILLING ALASKA INC.,x
849,BIG DIPPER CONSTRUCTION INC,x
850,GBR EQUIPMENT INC,x
851,GBR EQUIPMENT INC.,x
852,ALASKA EMERGENCY MEDICINE ASSOCIATES LLC,x
853,"YUKON RIVER TOWING, LLC",x
854,CAPTAIN PATTIES FISH HOUSE INC.,x
855,ALASKA SCRAP & RECYCLING,x
856,"MARKET BASKET, INC.",x
857,HEALTH QUEST THERAPY INC.,x
858,"NORTHERN ADJUSTERS, INC.",x
859,DIMOND CENTER HOLDINGS LLC,x
860,ALASKA EXECUTIVE SEARCH INC,x
861,MILLER'S LANDING INC,x
862,"ALASKA TIRE SERVICE, INC.",x
863,"SMITH CABLE SYSTEMS, INC.",x
864,THE FORAKER GROUP,x
865,PAYLESS USED CAR SALES LLC.,x
866,CHENA OBSTETRICS & GYNECOLOGY PC,x
867,GMW FIRE PROTECTION INC.,x
868,KATMAI INFORMATION TECHNOLOGIES LLC,x
869,COMMERCIAL CONTRACTORS INC,x
870,"COMMERICAL CONTRACTORS, INC.",x
871,"ANCHORAGE SLEEP CENTER, LLC",x
872,"ARCTIC REFRIGERATION & AIR CONDITIONING, INC.",x
873,ARCTIC REFRIGERATION & AIR,x
874,"KOMAN CONSTRUCTION, LLC",x
875,IT LLC,x
876,RAVEN ELECTRIC INC.,x
877,RAVEN ELECTRIC INC,x
878,"AROM, INC.",x
879,HARBOR 360 LLC,x
880,"TIMBERWOLF VENTURES, INC.",x
881,"TIMBERWOLF VENTURES, INC.",x
882,THE CARPET MAN INC.,x
883,REBOUND SPORTS AND ORTHOPEDIC PHYSICAL THERAPY LLC,x
884,ALASKA'S BEST SEAFOOD LLC,x
885,AMERICAN-BUCHER JV,x
886,UNCLE JOE'S PIZZERIA,x
887,"NORTHLAND WOOD PRODUCTS, INC.",x
888,"POWERS BROTHERS, INC.",x
889,"INLET MECHANICAL, INC.",x
890,FOUR SEASONS MARINE SERVICES CORP,x
891,FOUR SEASONS MARINE SERVICES CORP.,x
892,"FRONTIER MEDIA, LLC",x
893,EAR NOSE THROAT SPECIALISTS OF ALASKA INC,x
894,EAR NOSE THROAT SPECIALISTS OF ALASKA,x
895,"VALLEY MECHANICAL CONTRACTING, INC.",x
896,KENDALL FORD KENAI LLC,x
897,JALAPENOS INC,x
898,"ALASKA PREMIER CHARTERS, INC.",x
899,"ALASKA RED DOG SALOON, LLC",x
900,"HI SOUTHERN ALASKA, INC.",x
901,THREE RAVENS LLC,x
902,CRYSTAL CREEK LODGE LLC,x
903,"DENALI NATIONAL PARK WILDERNESS CENTERS, LTD.",x
904,MICHAEL G MACNAMARA MD LLC,x
905,"EXTREME HEATING AND AIR, INC",x
906,MAKAR EYECARE LLC,x
907,GOLDBELT SECURITY LLC,x
908,ALASKA ROTEQ CORPORATION,x
909,"PARAGON DISTRIBUTING, LLC",x
910,JUNEAU VALLEY SUPERMARKET LLC,x
911,"LEGACY FUNERAL HOMES, INC",x
912,FAMILY PRACTICE PHYSICIANS INC,x
913,ANCHORAGE ALEHOUSE,x
914,ISLAND HOTELS LLC,x
915,SNOW WHITE INC.,x
916,"SNOW WHITE, INC.",x
917,RENT A CAN TOILET CO INC,x
918,RENT A CAN TOILET CO INC,x
919,GUNDERSEN PAINTING INC,x
920,GUNDERSEN PAINTING INC,x
921,"PANGO TECHNOLOGY, INC",x
922,"HAUTE QUARTER GRILL, INC.",x
923,TITAN LLC,x
924,"PL, INC.",x
925,ALASKA EXECUTIVE SEARCH,x
926,SWALLING & ASSOCIATES PC,x
927,"SWALLING & ASSOCIATES, P.C.",x
928,TESLA ELECTRIC LLC,x
929,CANTINA INC.,x
930,"LET IT SNOW, LLC",x
931,GAGE TREE SERVICE LLC,x
932,WHITE MOUNTAIN CONSTRUCTION LLC,x
933,ALASKA FUEL DISTRIBUTORS INC,x
934,ALASKA FUEL DISTRIBUTORS INC,x
935,RELIABLE APPLIANCES LLC,x
936,PREMIER ELECTRIC LLC,x
937,LNW TRANSPORT INC,x
938,EAGLE RIVER ALEHOUSE,x
939,ALASKA PEDIATRIC THERAPY,x
940,SUITE 100 INC.,x
941,SMITH CABLE SYSTEMS INC.,x
942,WILDERNESS EXPRESS LLC,x
943,WILDERNESS EXPRESS LLC,x
944,POWERS BROTHERS INC,x
945,ALASKA STATE FAIR INC,x
946,ALASKA CHRISTIAN COLLEGE,x
947,"AIRLINE SUPPORT, INC.",x
948,AHTNA LOGISTICS LLC,x
949,"REDEMPTION, INCORPORATED",x
950,GENEVA WOODS SURGICAL CENTER INC,x
951,GENEVA WOODS SURGICAL CENTER INC,x
952,"ALZHEIMER'S DISEASE RESOURCE AGENCY OF ALASKA, INC",x
953,ALASKA STATE FAIR INC,x
954,HEARTS AND HANDS INCORPORATED,x
955,KETCHIKAN MECHANICAL INC.,x
956,BUILDERS MILLWORK SUPPLY,x
957,BUILDERS MILLWORK & SUPPLY INC,x
958,907 ALEHOUSE LLC,x
959,BETHEL FAMILY CLINIC,x
960,"TIER I VETERINARY MEDICAL CENTER, LLC",x
961,H WATT & SCOTT INC,x
962,"PIONEER DOOR, INC.",x
963,"AGNEW BECK CONSULTING, INC.",x
964,SIEGEL CONSTRUCTION LLC,x
965,SURGERY CENTER OF KENAI LLC,x
966,JL-FX HOTEL DEVELOPMENT LLC,x
967,OUZINKIE NATIVE CORPORATION,x
968,THE WELDING SHOP INC,x
969,CATALYST MARINE ENGINEERING,x
970,YUKON DELTA FISHERIES DEVELOPMENT ASSOCIATION,x
971,PETROLEUM EQUIPMENT & SERVICES INC.,x
972,THE WELDING SHOP INC.,x
973,PETROLEUM EQUIPMENT & SERVICES INC.,x
974,"HEARTS AND HANDS, INCORPORATED 2",x
975,"SOCKEYE BUSINESS SOLUTIONS, INC.",x
976,"INLET WORLDWIDE OIL, INC.",x
977,"ELGEE REHFELD, LLC",x
978,RIDGE CONTRACTING INC.,x
979,"SUNDANCE MINING GROUP, LLC",x
980,"COASTAL TELEVISION BROADCASTING COMPANY, LLC",x
981,GAPCO STORES- ALASKA LLC,x
982,D OF ALASKA INC.,x
983,BECKLEY MECHANICAL COMPANY,x
984,REMOTE ALASKA SOLUTIONS,x
985,TIDES LLC,x
986,OLD HARBOR NATIVE CORPORATION,x
987,EXPERIENCE ALASKA TOURS LLC,x
988,PUMP HOUSE LLC,x
989,ST. MARY'S NATIVE CORPORATION,x
990,ST. MARY'S NATIVE CORPORATION,x
991,PHILLIPS CRUISES & TOURS LLC,x
992,"ALASKA MECHANICAL, INC",x
993,BETHEL ENVIRONMENTAL SOLUTIONS LLC,x
994,BETHEL ENVIRONMENTAL SOLUTIONS LLC,x
995,NORTHERN ALASKA CONTRACTORS LLC,x
996,"L&M EQUIPMENT, INC.",x
997,EL CAPITAN LODGE LLC,x
998,WASILLA DRIVE-IN LLC,x
999,"TRIVERUS, LLC",x
